Date ,Day,Month,Quarter,Year,series ,OPEN ,HIGH ,LOW ,PREV. CLOSE ,ltp ,close ,vwap ,52W H ,52W L ,VOLUME ,No of trades 
31-Dec-2024,Tuesday,December,Q4,2024,EQ,232.65,239.9,232.35,232.65,239,239.25,237.5,345,203.65,12004845.00,95972.00
30-Dec-2024,Monday,December,Q4,2024,EQ,236.05,237,231.15,236.9,234.4,232.65,233.36,345,203.65,19401112.00,116034.00
27-Dec-2024,Friday,December,Q4,2024,EQ,240,241,236.3,240.25,237.1,236.9,238.21,345,203.65,6487888.00,80443.00
26-Dec-2024,Thursday,December,Q4,2024,EQ,240,242,239,238.95,240.4,240.25,240.14,345,203.65,6330006.00,64424.00
24-Dec-2024,Tuesday,December,Q4,2024,EQ,241,243.25,238.6,240.85,239.25,238.95,240.73,345,203.65,3577400.00,48437.00
23-Dec-2024,Monday,December,Q4,2024,EQ,238.25,242.3,236.85,237.1,241.15,240.85,239.89,345,203.65,7722901.00,70004.00
20-Dec-2024,Friday,December,Q4,2024,EQ,241.5,244.15,235.3,241.85,237.5,237.1,239.41,345,197.35,15556528.00,103000.00
19-Dec-2024,Thursday,December,Q4,2024,EQ,240,243.95,238.55,244.15,242.2,241.85,241.62,345,197.35,9518542.00,93976.00
18-Dec-2024,Wednesday,December,Q4,2024,EQ,247.4,247.5,243.4,247.4,243.9,244.15,244.94,345,197.35,8430930.00,105462.00
17-Dec-2024,Tuesday,December,Q4,2024,EQ,251.75,252.45,246.5,251.8,247,247.4,249.08,345,197.35,10066884.00,123919.00
16-Dec-2024,Monday,December,Q4,2024,EQ,254,256.3,251.2,254.25,251.5,251.8,252.24,345,197.35,7283872.00,85102.00
13-Dec-2024,Friday,December,Q4,2024,EQ,253,256.8,249.5,254.05,255,254.25,253.4,345,192.05,11143128.00,87238.00
12-Dec-2024,Thursday,December,Q4,2024,EQ,258,258.6,253.6,256.6,254,254.05,255.4,345,192.05,7123877.00,91979.00
11-Dec-2024,Wednesday,December,Q4,2024,EQ,257.5,258.7,255.65,256.9,257.05,256.6,256.88,345,192.05,5353032.00,72900.00
10-Dec-2024,Tuesday,December,Q4,2024,EQ,257.65,258.75,254.5,258.9,256.7,256.9,256.4,345,192.05,11318782.00,102996.00
09-Dec-2024,Monday,December,Q4,2024,EQ,260.05,261.35,257.7,260.05,258.75,258.9,258.8,345,192.05,6800856.00,78598.00
06-Dec-2024,Friday,December,Q4,2024,EQ,260.8,263,259.55,261.3,260.15,260.05,261.03,345,192.05,8783386.00,83811.00
05-Dec-2024,Thursday,December,Q4,2024,EQ,260.7,263.25,256.9,260.7,261.25,261.3,260.62,345,192.05,12896743.00,124991.00
04-Dec-2024,Wednesday,December,Q4,2024,EQ,263.85,264.3,260,262.35,260.7,260.7,261.88,345,192.05,10713838.00,115588.00
03-Dec-2024,Tuesday,December,Q4,2024,EQ,260.4,264.7,258.85,257.55,261.9,262.35,262.17,345,192.05,15345326.00,114259.00
02-Dec-2024,Monday,December,Q4,2024,EQ,255.5,258.3,252.7,256.7,257.65,257.55,256.19,345,192.05,13677959.00,134159.00
29-Nov-2024,Friday,November,Q4,2024,EQ,253.8,258.65,252.25,252.2,256.95,256.7,255.89,345,188.4,11476347.00,95372.00
28-Nov-2024,Thursday,November,Q4,2024,EQ,255,257.4,251.2,254.3,253,252.2,253.69,345,188.4,14202863.00,135952.00
27-Nov-2024,Wednesday,November,Q4,2024,EQ,255,255.5,250.55,254.25,254.8,254.3,253.03,345,188.4,11689970.00,83604.00
26-Nov-2024,Tuesday,November,Q4,2024,EQ,256.95,258.25,252.55,257.9,254.6,254.25,254.7,345,188.4,9242451.00,87036.00
25-Nov-2024,Monday,November,Q4,2024,EQ,248.5,260.5,247.95,245.6,259.05,257.9,257.77,345,188.4,31973671.00,211775.00
22-Nov-2024,Friday,November,Q4,2024,EQ,244.8,246.95,243.5,242.15,245.45,245.6,245.52,345,188.15,9637581.00,92682.00
21-Nov-2024,Thursday,November,Q4,2024,EQ,248,248,240.8,248,242.35,242.15,243.24,345,188.15,16189440.00,172523.00
19-Nov-2024,Tuesday,November,Q4,2024,EQ,250,255.4,247.1,250.65,248.05,248,250.43,345,188.15,17397559.00,144438.00
18-Nov-2024,Monday,November,Q4,2024,EQ,251.1,252.1,247.1,250.8,250.9,250.65,250.05,345,188.15,14636541.00,113480.00
14-Nov-2024,Thursday,November,Q4,2024,EQ,252.55,254.3,249,252.55,251.1,250.8,250.89,345,188.15,12454540.00,133995.00
13-Nov-2024,Wednesday,November,Q4,2024,EQ,256.15,256.95,249,256.15,252,252.55,252.52,345,188.15,17483332.00,152926.00
12-Nov-2024,Tuesday,November,Q4,2024,EQ,260.85,263.2,255.4,256.9,255.9,256.15,258.83,345,188.15,22445400.00,178812.00
11-Nov-2024,Monday,November,Q4,2024,EQ,262.35,262.35,256,262.55,257.25,256.9,258.35,345,188.15,8450657.00,104975.00
08-Nov-2024,Friday,November,Q4,2024,EQ,265.95,266.5,259.65,265.2,261.3,262.55,261.98,345,188.15,7836093.00,80871.00
07-Nov-2024,Thursday,November,Q4,2024,EQ,270.5,270.5,264.8,269.05,265.65,265.2,266.78,345,188.15,6766663.00,89115.00
06-Nov-2024,Wednesday,November,Q4,2024,EQ,267.7,270.6,264.4,267.4,268.55,269.05,268.07,345,188.15,19244545.00,114884.00
05-Nov-2024,Tuesday,November,Q4,2024,EQ,265.2,268.6,263.6,265.3,267.55,267.4,266.61,345,188.15,11676017.00,98738.00
04-Nov-2024,Monday,November,Q4,2024,EQ,274,274.35,260.15,271.75,265.4,265.3,264.12,345,188.15,14355959.00,136746.00
01-Nov-2024,Friday,November,Q4,2024,EQ,269.8,274,268.65,266.15,274,271.75,270.87,345,184.2,2955757.00,49052.00
31-Oct-2024,Thursday,October,Q4,2024,EQ,263.4,268.3,261.15,261.65,267,266.15,265.96,345,184.2,16173656.00,185225.00
30-Oct-2024,Wednesday,October,Q4,2024,EQ,265,266.2,261.05,265,262.6,261.65,263.25,345,184.2,11166643.00,101271.00
29-Oct-2024,Tuesday,October,Q4,2024,EQ,263.35,265.55,259.4,263.35,264.8,265,262.83,345,184.2,9122757.00,91311.00
28-Oct-2024,Monday,October,Q4,2024,EQ,260.65,265.05,255.3,264.05,263.75,263.35,261.34,345,184.2,13835091.00,128458.00
25-Oct-2024,Friday,October,Q4,2024,EQ,270,270.3,261.6,269.1,265.1,264.05,264.46,345,179.9,12961181.00,166866.00
24-Oct-2024,Thursday,October,Q4,2024,EQ,271.9,272.45,268.35,270.85,269.65,269.1,269.87,345,179.9,7488521.00,88277.00
23-Oct-2024,Wednesday,October,Q4,2024,EQ,270,274.4,265.05,270.8,270.4,270.85,269.91,345,179.9,18823321.00,181752.00
22-Oct-2024,Tuesday,October,Q4,2024,EQ,278,278.15,270,276.6,272,270.8,273.42,345,179.9,10028511.00,111627.00
21-Oct-2024,Monday,October,Q4,2024,EQ,281.15,284,274.55,283.3,276.6,276.6,277.21,345,179.9,10299773.00,122152.00
18-Oct-2024,Friday,October,Q4,2024,EQ,282,284.5,279.2,281.6,282.6,283.3,281.83,345,179.9,14028398.00,90475.00
17-Oct-2024,Thursday,October,Q4,2024,EQ,285,287.6,280.95,285.4,282,281.6,283.33,345,179.9,13343303.00,142718.00
16-Oct-2024,Wednesday,October,Q4,2024,EQ,283,287.25,280.65,283.7,285.6,285.4,284.57,345,179.9,18188885.00,109808.00
15-Oct-2024,Tuesday,October,Q4,2024,EQ,286.4,286.4,280.85,286.5,283.55,283.7,282.91,345,179.9,15087155.00,121236.00
14-Oct-2024,Monday,October,Q4,2024,EQ,292.7,292.9,285.15,292.55,286.55,286.5,287.58,345,179.9,12690951.00,140141.00
11-Oct-2024,Friday,October,Q4,2024,EQ,291.3,293.65,289.5,288.75,292.65,292.55,291.81,345,179.9,7011704.00,66081.00
10-Oct-2024,Thursday,October,Q4,2024,EQ,288.7,292.15,287.55,288.5,289.4,288.75,289.64,345,179.9,7237212.00,96878.00
09-Oct-2024,Wednesday,October,Q4,2024,EQ,291.25,291.9,286.85,293.45,288.5,288.5,289.39,345,179.9,13147475.00,118638.00
08-Oct-2024,Tuesday,October,Q4,2024,EQ,288.15,293.9,280.55,289.45,293.5,293.45,291.34,345,179.9,10572360.00,105945.00
07-Oct-2024,Monday,October,Q4,2024,EQ,296,296.3,281.5,295.25,289,289.45,287.96,345,179.9,20917962.00,206146.00
04-Oct-2024,Friday,October,Q4,2024,EQ,297,299.7,293.2,292.05,295.5,295.25,296.25,345,179.9,23104209.00,192423.00
03-Oct-2024,Thursday,October,Q4,2024,EQ,295,298,290.55,291.95,293,292.05,294,345,179.9,28124665.00,229311.00
01-Oct-2024,Tuesday,October,Q4,2024,EQ,297,299.15,290.7,297.6,292.4,291.95,294.22,345,179.9,10919818.00,126027.00
30-Sep-2024,Monday,September,Q3,2024,EQ,297,301.8,293.75,297.2,296.8,297.6,297.92,345,179.9,16294341.00,170120.00
27-Sep-2024,Friday,September,Q3,2024,EQ,292.7,298.45,289.7,295.2,295.7,297.2,294.93,345,179.9,35706130.00,201169.00
26-Sep-2024,Thursday,September,Q3,2024,EQ,297.05,298.7,291.5,298.7,295,295.2,294.39,345,179.9,27812412.00,207121.00
25-Sep-2024,Wednesday,September,Q3,2024,EQ,299.45,301.2,296.7,299.45,298.55,298.7,298.74,345,179.9,10609614.00,122135.00
24-Sep-2024,Tuesday,September,Q3,2024,EQ,296.3,302,294.7,295.45,299.5,299.45,298.61,345,179.9,16986759.00,191727.00
23-Sep-2024,Monday,September,Q3,2024,EQ,288.4,296.4,287.55,286.25,295,295.45,293.72,345,179.9,14621229.00,198092.00
20-Sep-2024,Friday,September,Q3,2024,EQ,287,289.05,285.2,285.25,285.75,286.25,286.6,345,179.9,16585530.00,169883.00
19-Sep-2024,Thursday,September,Q3,2024,EQ,287.4,289.2,282.5,290.4,286.5,285.25,285.61,345,179.9,17067311.00,223136.00
18-Sep-2024,Wednesday,September,Q3,2024,EQ,297.6,297.8,287.9,294.65,289.8,290.4,292,345,179.9,13421760.00,172353.00
17-Sep-2024,Tuesday,September,Q3,2024,EQ,293.7,296.6,292.15,292.5,294.7,294.65,293.96,345,179.9,11873436.00,140174.00
16-Sep-2024,Monday,September,Q3,2024,EQ,294.8,295.4,291.35,291.45,292.75,292.5,292.89,345,179.9,10971110.00,142101.00
13-Sep-2024,Friday,September,Q3,2024,EQ,295.7,297.25,291.05,294.05,291.75,291.45,293.42,345,179.9,13672371.00,125646.00
12-Sep-2024,Thursday,September,Q3,2024,EQ,288,294.75,286.5,285.3,293,294.05,290.99,345,179.9,21964895.00,194106.00
11-Sep-2024,Wednesday,September,Q3,2024,EQ,292.4,292.4,283.25,295.6,286.9,285.3,287.31,345,179.9,44826300.00,464571.00
10-Sep-2024,Tuesday,September,Q3,2024,EQ,300.1,301.5,295,298.9,295.9,295.6,297.25,345,179.9,15618589.00,167848.00
09-Sep-2024,Monday,September,Q3,2024,EQ,308.7,308.7,294.65,308.8,299.8,298.9,297.83,345,179.9,30369085.00,234239.00
06-Sep-2024,Friday,September,Q3,2024,EQ,311.5,313.15,303.7,311.4,308.35,308.8,308.48,345,179.9,27946491.00,213244.00
05-Sep-2024,Thursday,September,Q3,2024,EQ,316.95,316.95,310.15,314.4,311.5,311.4,313.33,345,179.9,15571640.00,116714.00
04-Sep-2024,Wednesday,September,Q3,2024,EQ,315,316.2,308.4,322.2,314.9,314.4,313.62,345,179.9,25397204.00,293065.00
03-Sep-2024,Tuesday,September,Q3,2024,EQ,327,328,321.65,326.2,321.85,322.2,324.53,345,179.9,10321111.00,107509.00
02-Sep-2024,Monday,September,Q3,2024,EQ,330,331.95,325.8,330.75,326.3,326.2,328.29,345,179.9,8975511.00,150304.00
30-Aug-2024,Friday,August,Q3,2024,EQ,330.45,334.4,329.55,329.6,330.3,330.75,331.34,345,173.05,19666466.00,132014.00
29-Aug-2024,Thursday,August,Q3,2024,EQ,326.1,330.15,324.95,327.8,329.1,329.6,327.85,345,173.05,13799961.00,142688.00
28-Aug-2024,Wednesday,August,Q3,2024,EQ,328.65,330.3,324.65,328.85,327,327.8,327.23,345,173.05,12446738.00,123196.00
27-Aug-2024,Tuesday,August,Q3,2024,EQ,329.4,332.55,326,327.85,328.45,328.85,329.79,345,173.05,20165503.00,133763.00
26-Aug-2024,Monday,August,Q3,2024,EQ,323.5,329.1,322.8,318.9,328.35,327.85,326.59,345,173.05,21346682.00,173567.00
23-Aug-2024,Friday,August,Q3,2024,EQ,324.4,324.8,317.55,324.35,318.6,318.9,320.51,345,172.8,13229612.00,161286.00
22-Aug-2024,Thursday,August,Q3,2024,EQ,328.55,330.5,323.6,327.7,324.4,324.35,325.92,345,172.8,13387819.00,123172.00
21-Aug-2024,Wednesday,August,Q3,2024,EQ,330.65,331.5,326.5,330.1,328.25,327.7,328.39,345,172.8,11835143.00,111965.00
20-Aug-2024,Tuesday,August,Q3,2024,EQ,335.85,336,328.05,335.3,330.6,330.1,330.07,345,172.8,14972714.00,163114.00
19-Aug-2024,Monday,August,Q3,2024,EQ,335,338.75,333.55,329.6,335,335.3,335.76,345,172.8,19636518.00,225485.00
16-Aug-2024,Friday,August,Q3,2024,EQ,332.55,335.75,328.65,328.15,330,329.6,330.89,345,172.8,16584396.00,140058.00
14-Aug-2024,Wednesday,August,Q3,2024,EQ,335.85,336.5,326.8,335.9,329.8,328.15,332.03,345,172.8,17812763.00,163422.00
13-Aug-2024,Tuesday,August,Q3,2024,EQ,344.1,345,332.95,341.3,334,335.9,339.09,345,172.8,28943385.00,204563.00
12-Aug-2024,Monday,August,Q3,2024,EQ,332.75,344.7,329.9,332.55,341.15,341.3,337.16,344.7,172.8,34754596.00,238105.00
09-Aug-2024,Friday,August,Q3,2024,EQ,333.95,335.85,328.2,322.7,331.15,332.55,332.01,344.7,172.1,29814474.00,223037.00
08-Aug-2024,Thursday,August,Q3,2024,EQ,329,329,321.7,329.1,323.8,322.7,324.72,344.7,172.1,23478224.00,239902.00
07-Aug-2024,Wednesday,August,Q3,2024,EQ,312.4,330.95,312,306.1,328.9,329.1,326.25,344.7,172.1,66110716.00,422442.00
06-Aug-2024,Tuesday,August,Q3,2024,EQ,314.8,322.45,305.15,310.25,307.25,306.1,312.98,344.7,172.1,28386636.00,246195.00
05-Aug-2024,Monday,August,Q3,2024,EQ,320.35,323.3,306,330.1,309,310.25,313.22,344.7,172.1,37986023.00,310833.00
02-Aug-2024,Friday,August,Q3,2024,EQ,338,338,328.65,341.75,330.35,330.1,333.27,344.7,171.4,22939377.00,202003.00
01-Aug-2024,Thursday,August,Q3,2024,EQ,337.8,344.7,337.15,334.2,341,341.75,341.04,344.7,171.4,36044960.00,245386.00
31-Jul-2024,Wednesday,July,Q3,2024,EQ,332.05,337.45,329.75,331.9,334.85,334.2,334.82,339.55,171.4,21393361.00,156724.00
30-Jul-2024,Tuesday,July,Q3,2024,EQ,332,338.25,331,332.9,332,331.9,334.65,339.55,171.4,19792253.00,135166.00
29-Jul-2024,Monday,July,Q3,2024,EQ,333.8,339.55,330.75,331.6,333.65,332.9,334.5,339.55,171.4,26721790.00,159933.00
26-Jul-2024,Friday,July,Q3,2024,EQ,336.5,338.5,330.1,335.8,332.3,331.6,332.46,338.5,168.9,25703985.00,176359.00
25-Jul-2024,Thursday,July,Q3,2024,EQ,318.05,337.55,316.1,319.55,335,335.8,330.29,337.55,168.9,42054664.00,335548.00
24-Jul-2024,Wednesday,July,Q3,2024,EQ,313.05,325.75,312.1,314.15,321,319.55,320.67,333.3,168.9,28259305.00,203970.00
23-Jul-2024,Tuesday,July,Q3,2024,EQ,320.05,321.4,297.4,320.8,314.9,314.15,311.53,333.3,168.9,37871058.00,299006.00
22-Jul-2024,Monday,July,Q3,2024,EQ,320,323.35,314.5,319.65,321.5,320.8,320.58,333.3,168.9,22234557.00,148194.00
19-Jul-2024,Friday,July,Q3,2024,EQ,333,333.2,318.05,331.7,320.3,319.65,323.49,333.3,166,26579496.00,209911.00
18-Jul-2024,Thursday,July,Q3,2024,EQ,325.1,333.3,321.65,322.65,332.3,331.7,328.89,333.3,166,48189915.00,363443.00
16-Jul-2024,Tuesday,July,Q3,2024,EQ,323.6,327.6,319.75,322.5,322.45,322.65,324.25,327.6,166,37468292.00,397042.00
15-Jul-2024,Monday,July,Q3,2024,EQ,311.8,323.65,308.65,307.1,323,322.5,316.87,323.65,166,51435537.00,346175.00
12-Jul-2024,Friday,July,Q3,2024,EQ,306.8,311.75,304.2,304.75,307.35,307.1,307.78,311.75,162.5,31788101.00,254041.00
11-Jul-2024,Thursday,July,Q3,2024,EQ,300,307.2,295.15,298.15,305.3,304.75,303.59,307.2,162.5,36020507.00,280417.00
10-Jul-2024,Wednesday,July,Q3,2024,EQ,299.7,299.8,288.85,297.45,298,298.15,295.48,303,162.5,19278800.00,162661.00
09-Jul-2024,Tuesday,July,Q3,2024,EQ,300.8,301.85,293.35,299.15,297.35,297.45,297.47,303,162.5,18686252.00,152905.00
08-Jul-2024,Monday,July,Q3,2024,EQ,290,303,287.35,288.2,300.15,299.15,296.01,303,162.5,53136198.00,313907.00
05-Jul-2024,Friday,July,Q3,2024,EQ,277.25,289.3,276.5,277.05,288.3,288.2,285.4,292.95,160,39781962.00,227626.00
04-Jul-2024,Thursday,July,Q3,2024,EQ,275,278.9,273.05,274.7,277.5,277.05,276.03,292.95,160,13444669.00,83962.00
03-Jul-2024,Wednesday,July,Q3,2024,EQ,276,277.7,274,274.85,275.3,274.7,275.26,292.95,160,9125400.00,90279.00
02-Jul-2024,Tuesday,July,Q3,2024,EQ,273.2,279.8,271.5,272.95,275.7,274.85,276.08,292.95,160,24470518.00,171090.00
01-Jul-2024,Monday,July,Q3,2024,EQ,275,275.8,271.6,274.2,273,272.95,273.03,292.95,160,11750972.00,98637.00
28-Jun-2024,Friday,June,Q2,2024,EQ,269,275.45,268.35,267.5,274.35,274.2,273.73,292.95,155.85,19532912.00,154457.00
27-Jun-2024,Thursday,June,Q2,2024,EQ,267.4,268.1,263.5,267.75,267.25,267.5,266.57,292.95,155.85,22830930.00,149130.00
26-Jun-2024,Wednesday,June,Q2,2024,EQ,266.9,269.15,264.1,267,267.8,267.75,266.57,292.95,155.85,10650910.00,105797.00
25-Jun-2024,Tuesday,June,Q2,2024,EQ,270.1,270.8,265,269.9,267.1,267,267.16,292.95,155.85,14425434.00,119470.00
24-Jun-2024,Monday,June,Q2,2024,EQ,269.65,271.25,266.6,269.65,270.1,269.9,269.22,292.95,155.85,7282347.00,74981.00
21-Jun-2024,Friday,June,Q2,2024,EQ,271.45,274.75,268.9,271.85,270,269.65,271.26,292.95,155.4,17406416.00,105432.00
20-Jun-2024,Thursday,June,Q2,2024,EQ,271.8,274,269.1,271.55,272.2,271.85,271.96,292.95,155.4,12826509.00,145663.00
19-Jun-2024,Wednesday,June,Q2,2024,EQ,275.9,276.6,271.1,275.8,271.7,271.55,273.19,292.95,155.4,13361607.00,125727.00
18-Jun-2024,Tuesday,June,Q2,2024,EQ,278.95,279,274,275.4,275.7,275.8,275.81,292.95,155.4,17044769.00,136193.00
14-Jun-2024,Friday,June,Q2,2024,EQ,277,278.2,274.6,276.55,275.6,275.4,276.06,292.95,152.6,10642648.00,97973.00
13-Jun-2024,Thursday,June,Q2,2024,EQ,278,278,272.5,275.5,276.9,276.55,275.11,292.95,152.6,16013386.00,116339.00
12-Jun-2024,Wednesday,June,Q2,2024,EQ,278,279.1,274.6,273.55,275.8,275.5,276.71,292.95,152.6,20560662.00,159313.00
11-Jun-2024,Tuesday,June,Q2,2024,EQ,266.85,275,265.25,259.15,273.9,273.55,270.58,292.95,152.6,47270206.00,327011.00
10-Jun-2024,Monday,June,Q2,2024,EQ,264,264,258.05,260.4,259.15,259.15,260.54,292.95,152.6,14138524.00,130093.00
07-Jun-2024,Friday,June,Q2,2024,EQ,253.5,260.8,251.8,252.3,260.5,260.4,257.33,292.95,152.55,22010688.00,193174.00
06-Jun-2024,Thursday,June,Q2,2024,EQ,254,259.5,249.25,247.5,253.5,252.3,254.21,292.95,152.55,30881233.00,312385.00
05-Jun-2024,Wednesday,June,Q2,2024,EQ,247,249.75,230.45,236.3,246.8,247.5,241.87,292.95,152.55,37078551.00,289215.00
04-Jun-2024,Tuesday,June,Q2,2024,EQ,285,285,223,284.1,238,236.3,246.86,292.95,152.55,72779900.00,706417.00
03-Jun-2024,Monday,June,Q2,2024,EQ,277.95,286.55,273.2,264.35,284,284.1,280.7,292.95,152.55,30195397.00,227761.00
31-May-2024,Friday,May,Q2,2024,EQ,268.45,268.45,263,266.7,265.7,264.35,264.92,292.95,150.05,24167379.00,146871.00
30-May-2024,Thursday,May,Q2,2024,EQ,273,275.1,265,271.85,267.35,266.7,269.2,292.95,150.05,15390964.00,155369.00
29-May-2024,Wednesday,May,Q2,2024,EQ,273.8,273.8,270.25,274.3,272.9,271.85,271.75,292.95,150.05,8327205.00,82493.00
28-May-2024,Tuesday,May,Q2,2024,EQ,279.3,279.3,273.05,277.65,274.25,274.3,275.65,292.95,150.05,6927361.00,72422.00
27-May-2024,Monday,May,Q2,2024,EQ,284,284.2,275.7,283.25,278.3,277.65,278.27,292.95,150.05,13719808.00,121200.00
24-May-2024,Friday,May,Q2,2024,EQ,284,285.95,281.85,283.45,282.65,283.25,283.97,292.95,150.05,11041667.00,91519.00
23-May-2024,Thursday,May,Q2,2024,EQ,279.95,284.55,279.1,278,283.2,283.45,281.71,292.95,150.05,17719819.00,140099.00
22-May-2024,Wednesday,May,Q2,2024,EQ,284,284,276.9,280.1,278.6,278,279.56,292.95,150.05,17935064.00,132591.00
21-May-2024,Tuesday,May,Q2,2024,EQ,281.1,284,278.35,279,279.9,280.1,280.51,292.95,150.05,17559555.00,161843.00
18-May-2024,Saturday,May,Q2,2024,EQ,280.3,281.7,278.45,277.45,278.95,279,279.97,292.95,150.05,2010993.00,16538.00
17-May-2024,Friday,May,Q2,2024,EQ,278.8,283.4,276.6,277.65,277.8,277.45,278.95,292.95,150.05,11529157.00,87368.00
16-May-2024,Thursday,May,Q2,2024,EQ,276,279.35,273.8,273.45,276.5,277.65,276.02,292.95,150.05,23757779.00,189443.00
15-May-2024,Wednesday,May,Q2,2024,EQ,274.5,276,272.5,272.9,273,273.45,274.02,292.95,150.05,6368662.00,67372.00
14-May-2024,Tuesday,May,Q2,2024,EQ,267.95,274.65,266.45,266.9,274.5,272.9,270.17,292.95,150.05,9123849.00,90795.00
13-May-2024,Monday,May,Q2,2024,EQ,271.9,271.9,262.05,270.25,267.5,266.9,266.11,292.95,150.05,7163239.00,89978.00
10-May-2024,Friday,May,Q2,2024,EQ,267,271.2,264.45,265.25,269.75,270.25,268.85,292.95,150.05,9530738.00,85468.00
09-May-2024,Thursday,May,Q2,2024,EQ,277.25,278.55,263.2,276.85,266.2,265.25,268.99,292.95,150.05,14869187.00,181854.00
08-May-2024,Wednesday,May,Q2,2024,EQ,273.5,280.25,272.35,273.6,277.3,276.85,276.88,292.95,150.05,12797721.00,97079.00
07-May-2024,Tuesday,May,Q2,2024,EQ,283.9,285,272,282.15,273.5,273.6,277.02,292.95,150.05,13179001.00,145942.00
06-May-2024,Monday,May,Q2,2024,EQ,288.7,288.75,275.25,286.1,282.1,282.15,281.39,292.95,150.05,15491865.00,122113.00
03-May-2024,Friday,May,Q2,2024,EQ,284,292.95,284,282.8,286.1,286.1,288.76,292.95,150.05,28913016.00,198726.00
02-May-2024,Thursday,May,Q2,2024,EQ,281,284.6,279.05,282.85,282.6,282.8,282.26,292.55,150.05,15677336.00,156483.00
30-Apr-2024,Tuesday,April,Q2,2024,EQ,284.5,286.35,281.45,283.2,282.6,282.85,284.18,292.55,150.05,10658906.00,86568.00
29-Apr-2024,Monday,April,Q2,2024,EQ,283.95,285.25,282.15,282.9,283.5,283.2,283.35,292.55,150.05,8952420.00,86724.00
26-Apr-2024,Friday,April,Q2,2024,EQ,283,286.15,282.2,281.95,282.95,282.9,283.86,292.55,150.05,11070290.00,90324.00
25-Apr-2024,Thursday,April,Q2,2024,EQ,279.35,282.6,278,279.35,282.3,281.95,280.94,292.55,150.05,17050557.00,137680.00
24-Apr-2024,Wednesday,April,Q2,2024,EQ,277.6,280.4,276.3,276.8,278.85,279.35,278.78,292.55,150.05,9253985.00,102106.00
23-Apr-2024,Tuesday,April,Q2,2024,EQ,276.85,278.75,275.55,276.8,276.75,276.8,277.07,292.55,150.05,8799147.00,107652.00
22-Apr-2024,Monday,April,Q2,2024,EQ,277.3,278,273.75,275.25,277.3,276.8,275.54,292.55,150.05,14184019.00,93001.00
19-Apr-2024,Friday,April,Q2,2024,EQ,276.75,280.8,274.1,274.15,274.8,275.25,277.31,292.55,150.05,32658724.00,210099.00
18-Apr-2024,Thursday,April,Q2,2024,EQ,286,287.7,273.35,283.15,275,274.15,280.17,292.55,150.05,34136482.00,289044.00
16-Apr-2024,Tuesday,April,Q2,2024,EQ,277,292.55,275.25,279.85,284.2,283.15,286.8,292.55,150.05,79082544.00,451118.00
15-Apr-2024,Monday,April,Q2,2024,EQ,269.1,282.95,267.1,265.7,281.1,279.85,277.6,284.95,150.05,75063828.00,469381.00
12-Apr-2024,Friday,April,Q2,2024,EQ,271.9,272.5,265,272,265.6,265.7,268.18,284.95,150,21894584.00,212422.00
10-Apr-2024,Wednesday,April,Q2,2024,EQ,269.95,273.2,269.15,268.95,272.1,272,271.99,284.95,150,11137195.00,86426.00
09-Apr-2024,Tuesday,April,Q2,2024,EQ,270,272.65,268,270.4,269.15,268.95,269.73,284.95,150,13173933.00,83653.00
08-Apr-2024,Monday,April,Q2,2024,EQ,267.55,272,266.6,267.95,270.1,270.4,269.1,284.95,150,13011300.00,102531.00
05-Apr-2024,Friday,April,Q2,2024,EQ,267.85,271.9,266.5,269,268.1,267.95,268.89,284.95,150,13029904.00,188256.00
04-Apr-2024,Thursday,April,Q2,2024,EQ,278.65,278.65,265.35,275.35,269.5,269,270.38,284.95,150,24624383.00,258419.00
03-Apr-2024,Wednesday,April,Q2,2024,EQ,275.05,279,273.85,272.5,275.65,275.35,276.18,284.95,150,22600929.00,187465.00
02-Apr-2024,Tuesday,April,Q2,2024,EQ,270.1,274.05,269.45,269.9,272.55,272.5,271.8,284.95,150,14439120.00,80413.00
01-Apr-2024,Monday,April,Q2,2024,EQ,268.05,271.5,267.8,268.05,270,269.9,269.98,284.95,150,6440401.00,96652.00
28-Mar-2024,Thursday,March,Q1,2024,EQ,262.45,271,261.95,261.75,268.5,268.05,267.34,284.95,146.5,18888942.00,132751.00
27-Mar-2024,Wednesday,March,Q1,2024,EQ,265,268.2,259.65,265.5,265.3,261.75,262.66,284.95,146.5,28563001.00,125003.00
26-Mar-2024,Tuesday,March,Q1,2024,EQ,261.65,267.9,259.3,263.25,265.25,265.5,265.32,284.95,146.5,10830926.00,93743.00
22-Mar-2024,Friday,March,Q1,2024,EQ,262.95,265.25,258.45,262.95,263.35,263.25,262.27,284.95,146.5,13025089.00,134260.00
21-Mar-2024,Thursday,March,Q1,2024,EQ,264.7,266.95,262.35,263.85,263.15,262.95,263.84,284.95,146.5,12163200.00,136453.00
20-Mar-2024,Wednesday,March,Q1,2024,EQ,259.45,264.6,257.2,259.25,263.25,263.85,261.37,284.95,146.5,10484778.00,99782.00
19-Mar-2024,Tuesday,March,Q1,2024,EQ,262,263.95,256.65,261.6,259.05,259.25,259.81,284.95,146.5,8758348.00,91436.00
18-Mar-2024,Monday,March,Q1,2024,EQ,258.95,263.05,257.55,258.75,262.1,261.6,261.35,284.95,146.5,9246173.00,96871.00
15-Mar-2024,Friday,March,Q1,2024,EQ,263.95,266.4,248.9,263.25,259.25,258.75,255.9,284.95,146.5,34961065.00,205929.00
14-Mar-2024,Thursday,March,Q1,2024,EQ,252.5,264.35,251.2,255.35,263.95,263.25,258.32,284.95,146.5,21404057.00,174756.00
13-Mar-2024,Wednesday,March,Q1,2024,EQ,270.8,271,252.75,270.4,256.1,255.35,259.71,284.95,146.5,20079496.00,190522.00
12-Mar-2024,Tuesday,March,Q1,2024,EQ,274,275.6,269.05,274,270.05,270.4,271.57,284.95,146.5,13780189.00,108045.00
11-Mar-2024,Monday,March,Q1,2024,EQ,278.1,280.5,273.2,278.1,273.9,274,275.96,284.95,146.5,10684598.00,107841.00
07-Mar-2024,Thursday,March,Q1,2024,EQ,280.25,284.35,277.25,280.25,279,278.1,280.23,284.95,146.5,11386963.00,95048.00
06-Mar-2024,Wednesday,March,Q1,2024,EQ,284.3,284.3,273.55,283.75,280.5,280.25,278.09,284.95,146.5,16807149.00,120081.00
05-Mar-2024,Tuesday,March,Q1,2024,EQ,280,284.95,276.65,279.2,283.45,283.75,281.47,284.95,146.5,18544484.00,146014.00
04-Mar-2024,Monday,March,Q1,2024,EQ,272.75,280.55,272.5,271.9,279.2,279.2,277.54,281.15,146.5,22280353.00,189150.00
02-Mar-2024,Saturday,March,Q1,2024,EQ,272,272.9,271.35,270.55,271.4,271.9,272.04,281.15,146.5,864693.00,7967.00
01-Mar-2024,Friday,March,Q1,2024,EQ,266.5,272.95,266.5,264.6,271,270.55,270.6,281.15,146.5,12930057.00,146203.00
29-Feb-2024,Thursday,February,Q1,2024,EQ,265,266.35,261.5,265.75,265.6,264.6,264.07,281.15,146.5,17179832.00,123020.00
28-Feb-2024,Wednesday,February,Q1,2024,EQ,270,270.3,264.6,269.35,264.95,265.75,266.74,281.15,146.5,9118196.00,99185.00
27-Feb-2024,Tuesday,February,Q1,2024,EQ,268.05,270.2,264.95,269.85,269.75,269.35,267.84,281.15,146.5,19582774.00,113618.00
26-Feb-2024,Monday,February,Q1,2024,EQ,271.9,271.9,267.8,272.2,269.75,269.85,269.8,281.15,146.5,8661999.00,91475.00
23-Feb-2024,Friday,February,Q1,2024,EQ,274.9,276,271.1,274.7,271.7,272.2,273.06,281.15,146.5,9464646.00,77464.00
22-Feb-2024,Thursday,February,Q1,2024,EQ,273.85,276,268.5,272.95,274.9,274.7,271.96,281.15,146.5,16791453.00,177762.00
21-Feb-2024,Wednesday,February,Q1,2024,EQ,276,281.1,271.6,276.6,273,272.95,277.01,281.15,146.5,16340579.00,132598.00
20-Feb-2024,Tuesday,February,Q1,2024,EQ,274.8,281.15,274.05,274.65,277,276.6,277.2,281.15,146.5,18968785.00,133246.00
19-Feb-2024,Monday,February,Q1,2024,EQ,274.7,279.05,272.4,274.7,274.55,274.65,276.23,279.85,146.5,15322964.00,98459.00
16-Feb-2024,Friday,February,Q1,2024,EQ,275.15,278,270.35,277.3,274.7,274.7,274.33,279.85,145.5,27044984.00,178880.00
15-Feb-2024,Thursday,February,Q1,2024,EQ,271.65,279.85,269,268.85,276.45,277.3,276.57,279.85,145.5,32831246.00,214318.00
14-Feb-2024,Wednesday,February,Q1,2024,EQ,258,269.65,256,259.5,269.15,268.85,263.65,275.65,145.5,36168962.00,141452.00
13-Feb-2024,Tuesday,February,Q1,2024,EQ,258,262.4,254.7,257.9,259.8,259.5,258.98,275.65,145.5,20711842.00,133188.00
12-Feb-2024,Monday,February,Q1,2024,EQ,261.95,266.6,256.8,267.55,257.75,257.9,260.41,275.65,145.5,30906374.00,204731.00
09-Feb-2024,Friday,February,Q1,2024,EQ,275,275.65,259.15,273.15,268.1,267.55,265.8,275.65,141.6,26743792.00,257318.00
08-Feb-2024,Thursday,February,Q1,2024,EQ,273.05,275.65,269.1,271.9,273.6,273.15,272.38,275.65,141.6,25252940.00,225271.00
07-Feb-2024,Wednesday,February,Q1,2024,EQ,275,275.65,267.55,272.3,272.75,271.9,271.34,275.65,141.6,23756939.00,207931.00
06-Feb-2024,Tuesday,February,Q1,2024,EQ,265.35,273.4,260.2,262.95,272.45,272.3,269.34,273.4,141.6,36708949.00,206988.00
05-Feb-2024,Monday,February,Q1,2024,EQ,260.05,268.05,255.1,257.25,263.5,262.95,263.03,268.05,141.6,34001868.00,232621.00
02-Feb-2024,Friday,February,Q1,2024,EQ,250,260,249,247.65,257.15,257.25,255.43,263.3,140.1,30482663.00,199571.00
01-Feb-2024,Thursday,February,Q1,2024,EQ,254.65,254.65,245.45,252.25,247.9,247.65,249.22,263.3,140.1,29758133.00,172567.00
31-Jan-2024,Wednesday,January,Q1,2024,EQ,250.45,254.35,246.3,249.2,253.15,252.25,250.77,263.3,140.1,33293192.00,190907.00
30-Jan-2024,Tuesday,January,Q1,2024,EQ,256.5,263.3,248.65,252.5,249.4,249.2,256.35,263.3,140.1,51491099.00,326147.00
29-Jan-2024,Monday,January,Q1,2024,EQ,241,254.95,239.1,234.05,254.85,252.5,249.26,254.95,140.1,54127939.00,376208.00
25-Jan-2024,Thursday,January,Q1,2024,EQ,235,237.5,232.8,234.35,234.4,234.05,234.77,245.65,140.1,18291957.00,138269.00
24-Jan-2024,Wednesday,January,Q1,2024,EQ,231,235,228.1,229.9,234.85,234.35,231.95,245.65,140.1,14458601.00,122475.00
23-Jan-2024,Tuesday,January,Q1,2024,EQ,245,245.65,228,242.05,231,229.9,234.91,245.65,140.1,20282617.00,169363.00
20-Jan-2024,Saturday,January,Q1,2024,EQ,243,245.45,240.45,242.05,241.9,242.05,242.68,245.45,140.1,15133785.00,93146.00
19-Jan-2024,Friday,January,Q1,2024,EQ,236,242.55,235,233.55,241.85,242.05,240.05,242.55,140.1,26391844.00,176909.00
18-Jan-2024,Thursday,January,Q1,2024,EQ,230.05,234.5,224.65,232.05,233.9,233.55,230.91,238.95,140.1,19232183.00,154268.00
17-Jan-2024,Wednesday,January,Q1,2024,EQ,232.2,237.25,230.7,235.1,232.8,232.05,233.81,238.95,140.1,26010955.00,178364.00
16-Jan-2024,Tuesday,January,Q1,2024,EQ,234.95,238.95,231.1,233.5,234.8,235.1,235.6,238.95,140.1,34505065.00,266721.00
15-Jan-2024,Monday,January,Q1,2024,EQ,228.5,235.45,224.65,223.4,233,233.5,231.51,235.45,140.1,57884916.00,309056.00
12-Jan-2024,Friday,January,Q1,2024,EQ,213.8,224.75,212.35,211.85,224,223.4,220.38,224.75,140.1,39228118.00,202229.00
11-Jan-2024,Thursday,January,Q1,2024,EQ,214,214,210.85,212.1,212,211.85,211.91,221.45,140.1,12586419.00,95766.00
10-Jan-2024,Wednesday,January,Q1,2024,EQ,215,215,209.7,216.65,212.8,212.1,211.39,221.45,140.1,16500666.00,134073.00
09-Jan-2024,Tuesday,January,Q1,2024,EQ,221,221.45,215.95,217.95,216.8,216.65,217.62,221.45,140.1,11951525.00,106635.00
08-Jan-2024,Monday,January,Q1,2024,EQ,218,220.8,217.1,216.45,217.65,217.95,218.93,220.8,140.1,19310595.00,132368.00
05-Jan-2024,Friday,January,Q1,2024,EQ,215.45,217.5,213.05,214.65,215.65,216.45,215.81,217.5,140.1,20743811.00,130608.00
04-Jan-2024,Thursday,January,Q1,2024,EQ,210.5,215.4,209.3,208.25,214.5,214.65,213.53,215.4,140.1,31054419.00,152992.00
03-Jan-2024,Wednesday,January,Q1,2024,EQ,205.5,210.45,204.5,207.05,208.05,208.25,208.46,212,140.1,11650902.00,108454.00
02-Jan-2024,Tuesday,January,Q1,2024,EQ,205.35,210.75,203.65,205.35,207.5,207.05,207.92,212,140.1,21141219.00,120349.00
01-Jan-2024,Monday,January,Q1,2024,EQ,206,207.1,204.75,205.05,204.95,205.35,206.05,212,140.1,4820168.00,56845.00